postcode,distributors,brand_evidence,likely
2113,ausgrid | endeavour-energy,ausgrid:28 | endeavour-energy:28,real split
2114,ausgrid | endeavour-energy,ausgrid:28 | endeavour-energy:28,real split
2118,ausgrid | endeavour-energy,ausgrid:28 | endeavour-energy:28,real split
2119,ausgrid | endeavour-energy,ausgrid:28 | endeavour-energy:27,real split
2120,ausgrid | endeavour-energy,ausgrid:28 | endeavour-energy:28,real split
2121,ausgrid | endeavour-energy,ausgrid:28 | endeavour-energy:28,real split
2122,ausgrid | endeavour-energy,ausgrid:28 | endeavour-energy:28,real split
2125,ausgrid | endeavour-energy,ausgrid:28 | endeavour-energy:28,real split
2126,ausgrid | endeavour-energy,ausgrid:28 | endeavour-energy:27,real split
2154,ausgrid | endeavour-energy,ausgrid:28 | endeavour-energy:28,real split
2158,ausgrid | endeavour-energy,ausgrid:28 | endeavour-energy:28,real split
2159,ausgrid | endeavour-energy,ausgrid:28 | endeavour-energy:27,real split
2162,ausgrid | endeavour-energy,ausgrid:28 | endeavour-energy:28,real split
2163,ausgrid | endeavour-energy,ausgrid:28 | endeavour-energy:28,real split
2172,ausgrid | endeavour-energy,ausgrid:28 | endeavour-energy:28,real split
2198,ausgrid | endeavour-energy,ausgrid:28 | endeavour-energy:27,real split
2200,ausgrid | endeavour-energy,ausgrid:28 | endeavour-energy:27,real split
2213,ausgrid | endeavour-energy,ausgrid:28 | endeavour-energy:27,real split
2214,ausgrid | endeavour-energy,ausgrid:28 | endeavour-energy:28,real split
2233,ausgrid | endeavour-energy,ausgrid:28 | endeavour-energy:27,real split
2250,ausgrid | endeavour-energy,ausgrid:28 | endeavour-energy:27,real split
2257,ausgrid | endeavour-energy,ausgrid:28 | endeavour-energy:27,real split
2283,ausgrid | endeavour-energy,ausgrid:28 | endeavour-energy:27,real split
2304,ausgrid | endeavour-energy,ausgrid:28 | endeavour-energy:27,real split
2320,ausgrid | essential-energy,ausgrid:28 | essential-energy:9,real split
2321,ausgrid | essential-energy,ausgrid:28 | essential-energy:10,real split
2323,ausgrid | endeavour-energy,ausgrid:28 | endeavour-energy:28,real split
2324,ausgrid | essential-energy,ausgrid:28 | essential-energy:9,real split
2325,ausgrid | endeavour-energy,ausgrid:28 | endeavour-energy:27,real split
2328,ausgrid | endeavour-energy,ausgrid:28 | endeavour-energy:27,real split
2329,ausgrid | endeavour-energy | essential-energy,ausgrid:28 | endeavour-energy:27 | essential-energy:9,real split
2330,ausgrid | endeavour-energy,ausgrid:28 | endeavour-energy:27,real split
2337,ausgrid | essential-energy,ausgrid:28 | essential-energy:10,real split
2536,endeavour-energy | essential-energy,endeavour-energy:27 | essential-energy:10,real split
2539,endeavour-energy | essential-energy,endeavour-energy:28 | essential-energy:10,real split
2577,endeavour-energy | essential-energy,endeavour-energy:28 | essential-energy:9,real split
2579,endeavour-energy | essential-energy,endeavour-energy:28 | essential-energy:9,real split
2580,endeavour-energy | essential-energy,endeavour-energy:27 | essential-energy:10,real split
2611,essential-energy | evoenergy,essential-energy:10 | evoenergy:11,real split
2618,essential-energy | evoenergy,essential-energy:10 | evoenergy:11,real split
2620,essential-energy | evoenergy,essential-energy:10 | evoenergy:11,real split
2622,endeavour-energy | essential-energy,endeavour-energy:27 | essential-energy:10,real split
2775,ausgrid | endeavour-energy,ausgrid:28 | endeavour-energy:28,real split
2787,endeavour-energy | essential-energy,endeavour-energy:28 | essential-energy:9,real split
2790,endeavour-energy | essential-energy,endeavour-energy:28 | essential-energy:4,real split
2795,endeavour-energy | essential-energy,endeavour-energy:28 | essential-energy:9,real split
2800,endeavour-energy | essential-energy,endeavour-energy:27 | essential-energy:9,real split
2849,endeavour-energy | essential-energy,endeavour-energy:28 | essential-energy:9,real split
2850,endeavour-energy | essential-energy,endeavour-energy:28 | essential-energy:9,real split
3008,citipower | powercor,citipower:26 | powercor:27,real split
3011,citipower | jemena,citipower:26 | jemena:26,real split
3012,jemena | powercor,jemena:26 | powercor:27,real split
3013,jemena | powercor,jemena:26 | powercor:27,real split
3015,jemena | powercor,jemena:26 | powercor:27,real split
3016,jemena | powercor,jemena:26 | powercor:27,real split
3019,jemena | powercor,jemena:26 | powercor:27,real split
3020,jemena | powercor,jemena:26 | powercor:27,real split
3023,jemena | powercor,jemena:26 | powercor:27,real split
3025,jemena | powercor,jemena:26 | powercor:27,real split
3031,citipower | jemena,citipower:26 | jemena:26,real split
3034,jemena | powercor,jemena:26 | powercor:27,real split
3036,jemena | powercor,jemena:26 | powercor:27,real split
3037,jemena | powercor,jemena:26 | powercor:27,real split
3038,jemena | powercor,jemena:26 | powercor:27,real split
3051,citipower | jemena,citipower:26 | jemena:26,real split
3052,citipower | jemena,citipower:26 | jemena:26,real split
3061,ausnet-services | jemena,ausnet-services:27 | jemena:26,real split
3062,ausnet-services | jemena,ausnet-services:27 | jemena:26,real split
3064,ausnet-services | jemena,ausnet-services:27 | jemena:26,real split
3068,citipower | jemena,citipower:26 | jemena:26,real split
3070,citipower | jemena,citipower:26 | jemena:26,real split
3074,ausnet-services | jemena,ausnet-services:27 | jemena:26,real split
3076,ausnet-services | jemena,ausnet-services:27 | jemena:26,real split
3078,citipower | jemena,citipower:26 | jemena:26,real split
3083,ausnet-services | jemena,ausnet-services:27 | jemena:26,real split
3084,ausnet-services | jemena,ausnet-services:27 | jemena:26,real split
3085,ausnet-services | jemena,ausnet-services:27 | jemena:26,real split
3087,ausnet-services | jemena,ausnet-services:27 | jemena:26,real split
3104,citipower | united-energy,citipower:26 | united-energy:27,real split
3106,ausnet-services | united-energy,ausnet-services:27 | united-energy:27,real split
3109,ausnet-services | united-energy,ausnet-services:27 | united-energy:27,real split
3111,ausnet-services | united-energy,ausnet-services:27 | united-energy:27,real split
3114,ausnet-services | united-energy,ausnet-services:27 | united-energy:27,real split
3122,citipower | united-energy,citipower:26 | united-energy:27,real split
3123,citipower | united-energy,citipower:26 | united-energy:27,real split
3124,citipower | united-energy,citipower:26 | united-energy:27,real split
3125,citipower | united-energy,citipower:26 | united-energy:27,real split
3127,citipower | united-energy,citipower:26 | united-energy:27,real split
3129,citipower | united-energy,citipower:26 | united-energy:27,real split
3132,ausnet-services | united-energy,ausnet-services:27 | united-energy:27,real split
3133,ausnet-services | united-energy,ausnet-services:27 | united-energy:27,real split
3144,citipower | united-energy,citipower:26 | united-energy:27,real split
3152,ausnet-services | united-energy,ausnet-services:27 | united-energy:27,real split
3161,citipower | united-energy,citipower:26 | united-energy:27,real split
3175,ausnet-services | united-energy,ausnet-services:27 | united-energy:27,real split
3178,ausnet-services | united-energy,ausnet-services:27 | united-energy:27,real split
3179,ausnet-services | united-energy,ausnet-services:27 | united-energy:27,real split
3182,citipower | united-energy,citipower:26 | united-energy:27,real split
3183,citipower | united-energy,citipower:26 | united-energy:27,real split
3335,jemena | powercor,jemena:26 | powercor:27,real split
3336,jemena | powercor,jemena:26 | powercor:27,real split
3337,jemena | powercor,jemena:26 | powercor:27,real split
3340,jemena | powercor,jemena:26 | powercor:27,real split
3427,jemena | powercor,jemena:26 | powercor:27,real split
3430,jemena | powercor,jemena:26 | powercor:27,real split
3431,jemena | powercor,jemena:26 | powercor:27,real split
3434,ausnet-services | powercor,ausnet-services:27 | powercor:27,real split
3437,jemena | powercor,jemena:26 | powercor:27,real split
3521,ausnet-services | powercor,ausnet-services:27 | powercor:27,real split
3522,ausnet-services | powercor,ausnet-services:27 | powercor:27,real split
3608,ausnet-services | powercor,ausnet-services:27 | powercor:27,real split
3610,ausnet-services | powercor,ausnet-services:27 | powercor:27,real split
3612,ausnet-services | powercor,ausnet-services:27 | powercor:27,real split
3631,ausnet-services | powercor,ausnet-services:27 | powercor:27,real split
3644,essential-energy | powercor,essential-energy:2 | powercor:27,real split
3646,ausnet-services | powercor,ausnet-services:27 | powercor:27,real split
3662,ausnet-services | powercor,ausnet-services:27 | powercor:27,real split
3666,ausnet-services | powercor,ausnet-services:27 | powercor:27,real split
3669,ausnet-services | powercor,ausnet-services:27 | powercor:27,real split
3685,ausnet-services | powercor,ausnet-services:27 | powercor:27,real split
3691,ausnet-services | essential-energy,ausnet-services:27 | essential-energy:2,real split
3707,ausnet-services | essential-energy,ausnet-services:27 | essential-energy:2,real split
3725,ausnet-services | powercor,ausnet-services:27 | powercor:27,real split
3727,ausnet-services | powercor,ausnet-services:27 | powercor:27,real split
3728,ausnet-services | powercor,ausnet-services:27 | powercor:27,real split
3730,ausnet-services | powercor,ausnet-services:27 | powercor:27,real split
3750,ausnet-services | jemena,ausnet-services:27 | jemena:26,real split
3753,ausnet-services | jemena,ausnet-services:27 | jemena:26,real split
3756,ausnet-services | powercor,ausnet-services:27 | powercor:27,real split
3762,ausnet-services | powercor,ausnet-services:27 | powercor:27,real split
3764,ausnet-services | powercor,ausnet-services:27 | powercor:27,real split
3802,ausnet-services | united-energy,ausnet-services:27 | united-energy:27,real split
3803,ausnet-services | united-energy,ausnet-services:27 | united-energy:27,real split
3912,ausnet-services | united-energy,ausnet-services:27 | united-energy:27,real split
3975,ausnet-services | united-energy,ausnet-services:27 | united-energy:27,real split
3976,ausnet-services | united-energy,ausnet-services:27 | united-energy:27,real split
3977,ausnet-services | united-energy,ausnet-services:27 | united-energy:27,real split
4306,energex | ergon-energy,energex:27 | ergon-energy:5,real split
4310,energex | ergon-energy,energex:27 | ergon-energy:5,real split
4312,energex | ergon-energy,energex:27 | ergon-energy:5,real split
4313,energex | ergon-energy,energex:27 | ergon-energy:5,real split
4314,energex | ergon-energy,energex:27 | ergon-energy:5,real split
4344,energex | ergon-energy,energex:27 | ergon-energy:5,real split
4350,energex | ergon-energy,energex:27 | ergon-energy:5,real split
4352,energex | ergon-energy | essential-energy,energex:27 | ergon-energy:5 | essential-energy:2,real split
4357,ergon-energy | essential-energy,ergon-energy:5 | essential-energy:2,real split
4359,energex | ergon-energy,energex:27 | ergon-energy:5,real split
4380,ergon-energy | essential-energy,ergon-energy:5 | essential-energy:2,real split
4382,ergon-energy | essential-energy,ergon-energy:5 | essential-energy:2,real split
4390,ergon-energy | essential-energy,ergon-energy:5 | essential-energy:2,real split
4406,ergon-energy | essential-energy,ergon-energy:5 | essential-energy:2,real split
4422,ergon-energy | essential-energy,ergon-energy:5 | essential-energy:2,real split
4486,ergon-energy | essential-energy,ergon-energy:5 | essential-energy:2,real split
4487,ergon-energy | essential-energy,ergon-energy:5 | essential-energy:2,real split
4496,ergon-energy | essential-energy,ergon-energy:5 | essential-energy:2,real split
4497,ergon-energy | essential-energy,ergon-energy:5 | essential-energy:2,real split
4570,energex | ergon-energy,energex:27 | ergon-energy:5,real split
4581,energex | ergon-energy,energex:27 | ergon-energy:5,real split
